IT1533A;2020 non disponibile;PIEMONTE
IT1532A;2020 non disponibile;PIEMONTE
IT1509A;2020 non disponibile;PIEMONTE
IT1510A;2020 non disponibile;PIEMONTE
IT1518A;Pochi_anni_validi (5);PIEMONTE
IT1519A;2020 non disponibile;PIEMONTE
IT1529A;2020 non disponibile;PIEMONTE
IT1524A;2020 non disponibile;PIEMONTE
IT1523A;Pochi_anni_validi (4);PIEMONTE
IT0469A;2020 non disponibile;PIEMONTE
IT0470A;2020 non disponibile;PIEMONTE
IT1128A;2020 non disponibile;PIEMONTE
IT1121A;2020 non disponibile;PIEMONTE
IT1130A;Pochi_anni_validi (5);PIEMONTE
IT1114A;2020 non disponibile;PIEMONTE
IT1847A;2020 non disponibile;PIEMONTE
IT1788A;Pochi_anni_validi (5);PIEMONTE
IT1877A;2020 non disponibile;PIEMONTE
IT1963A;Pochi_anni_validi (3);PIEMONTE
IT2117A;Pochi_anni_validi (5);PIEMONTE
IT2168A;Pochi_anni_validi (6);PIEMONTE
IT1878A;Pochi_anni_validi (6);PIEMONTE
IT2116A;Pochi_anni_validi (4);PIEMONTE
IT1676A;2020 non disponibile;PIEMONTE
IT2121A;Pochi_anni_validi (6);PIEMONTE
IT2118A;Pochi_anni_validi (5);PIEMONTE
IT1903A;2020 non disponibile;PIEMONTE
IT1948A;2020 non disponibile;PIEMONTE
IT0643A;2020 non disponibile;PIEMONTE
IT1582A;Pochi_anni_validi (6);PIEMONTE
IT1830A;2020 non disponibile;PIEMONTE
IT1904A;2020 non disponibile;PIEMONTE
IT1961A;Pochi_anni_validi (4);PIEMONTE
IT1247A;2020 non disponibile;PIEMONTE
IT1246A;Pochi_anni_validi (6);PIEMONTE
IT2104A;Pochi_anni_validi (6);PIEMONTE
IT2102A;Pochi_anni_validi (5);PIEMONTE
IT2128A;Pochi_anni_validi (5);PIEMONTE
IT0978A;Pochi_anni_validi (1);VALLE_AOSTA
IT1725A;Pochi_anni_validi (2);VALLE_AOSTA
IT1976A;Pochi_anni_validi (1);VALLE_AOSTA
IT2178A;NessunaStagioneValida;VALLE_AOSTA
IT2179A;NessunaStagioneValida;VALLE_AOSTA
IT2234A;Pochi_anni_validi (4);VALLE_AOSTA
IT2266A;Nessun_Anno_Valida_2013_2019;VALLE_AOSTA
IT2267A;Nessun_Anno_Valida_2013_2019;VALLE_AOSTA
IT2284A;Pochi_anni_validi (2);VALLE_AOSTA
IT1459A;2020 non disponibile;LOMBARDIA
IT1650A;2020 non disponibile;LOMBARDIA
IT1873A;2020 non disponibile;LOMBARDIA
IT0777A;2020 non disponibile;LOMBARDIA
IT0771A;2020 non disponibile;LOMBARDIA
IT1648A;Pochi_anni_validi (6);LOMBARDIA
IT0908A;2020 non disponibile;LOMBARDIA
IT1190A;2020 non disponibile;LOMBARDIA
IT0524A;Pochi_anni_validi (5);LOMBARDIA
IT0706A;2020 non disponibile;LOMBARDIA
IT1010A;2020 non disponibile;LOMBARDIA
IT1034A;2020 non disponibile;LOMBARDIA
IT1294A;2020 non disponibile;LOMBARDIA
IT2098A;Pochi_anni_validi (4);LOMBARDIA
IT0707A;2020 non disponibile;LOMBARDIA
IT0778A;2020 non disponibile;LOMBARDIA
IT1463A;2020 non disponibile;LOMBARDIA
IT1464A;2020 non disponibile;LOMBARDIA
IT1876A;2020 non disponibile;LOMBARDIA
IT2062A;2020 non disponibile;LOMBARDIA
IT0742A;2020 non disponibile;LOMBARDIA
IT0846A;2020 non disponibile;LOMBARDIA
IT0740A;2020 non disponibile;LOMBARDIA
IT1385A;2020 non disponibile;LOMBARDIA
IT1737A;2020 non disponibile;LOMBARDIA
IT0692A;2020 non disponibile;LOMBARDIA
IT1735A;2020 non disponibile;LOMBARDIA
IT1874A;2020 non disponibile;LOMBARDIA
IT2079A;2020 non disponibile;LOMBARDIA
IT0839A;2020 non disponibile;LOMBARDIA
IT0840A;2020 non disponibile;LOMBARDIA
IT2063A;2020 non disponibile;LOMBARDIA
IT2095A;Pochi_anni_validi (3);LOMBARDIA
IT1392A;2020 non disponibile;LOMBARDIA
IT1388A;2020 non disponibile;LOMBARDIA
IT1868A;2020 non disponibile;LOMBARDIA
IT1865A;2020 non disponibile;LOMBARDIA
IT1734A;2020 non disponibile;LOMBARDIA
IT1812A;2020 non disponibile;LOMBARDIA
IT1826A;2020 non completo;LOMBARDIA
IT1287A;2020 non disponibile;LOMBARDIA
IT0267A;2020 non disponibile;LOMBARDIA
IT1646A;2020 non disponibile;LOMBARDIA
IT1964A;2020 non disponibile;LOMBARDIA
IT2007A;2020 non disponibile;LOMBARDIA
IT0837A;Pochi_anni_validi (3);LOMBARDIA
IT0689A;Pochi_anni_validi (3);LOMBARDIA
IT0477A;Pochi_anni_validi (2);LOMBARDIA
IT1792A;Pochi_anni_validi (2);LOMBARDIA
IT0507A;2020 non disponibile;PA_BOLZANO
IT0508A;2020 non disponibile;PA_BOLZANO
IT0499A;2020 non disponibile;PA_BOLZANO
IT1335A;2020 non disponibile;PA_BOLZANO
IT1334A;2020 non disponibile;PA_BOLZANO
IT1191A;2020 non completo;PA_TRENTO
IT1930A;Pochi_anni_validi (2);PA_TRENTO
IT1931A;Pochi_anni_validi (2);PA_TRENTO
IT1340A;2020 non disponibile;VENETO
IT1535A;2020 non disponibile;VENETO
IT1848A;2020 non disponibile;VENETO
IT1838A;Pochi_anni_validi (6);VENETO
IT1619A;2020 non disponibile;VENETO
IT1790A;2020 non disponibile;VENETO
IT2245A;Pochi_anni_validi (3);VENETO
IT1328A;2020 non disponibile;VENETO
IT1936A;2020 non disponibile;VENETO
IT1871A;2020 non disponibile;VENETO
IT2070A;2020 non disponibile;VENETO
IT2071A;2020 non disponibile;VENETO
IT1214A;2020 non disponibile;VENETO
IT1213A;2020 non disponibile;VENETO
IT2072A;2020 non disponibile;VENETO
IT1343A;Pochi_anni_validi (3);VENETO
IT1905A;Pochi_anni_validi (5);VENETO
IT1862A;Pochi_anni_validi (6);VENETO
IT1934A;Pochi_anni_validi (4);VENETO
IT0441A;Pochi_anni_validi (1);VENETO
IT0892A;Pochi_anni_validi (5);EMILIA_ROMAGNA
IT1917A;Pochi_anni_validi (6);EMILIA_ROMAGNA
IT0702A;Pochi_anni_validi (1);EMILIA_ROMAGNA
IT1030A;Pochi_anni_validi (2);EMILIA_ROMAGNA
IT2076A;Pochi_anni_validi (1);EMILIA_ROMAGNA
IT1924A;Nessun_Anno_Valida_2013_2019;EMILIA_ROMAGNA
IT2182A;2020 non disponibile;FRIULI_VENEZIA_GIULIA
IT2132A;Pochi_anni_validi (5);FRIULI_VENEZIA_GIULIA
IT1090A;2020 non disponibile;FRIULI_VENEZIA_GIULIA
IT1259A;2020 non disponibile;FRIULI_VENEZIA_GIULIA
IT1168A;2020 non disponibile;FRIULI_VENEZIA_GIULIA
IT1166A;2020 non disponibile;FRIULI_VENEZIA_GIULIA
IT2133A;2020 non disponibile;FRIULI_VENEZIA_GIULIA
IT2152A;2020 non disponibile;FRIULI_VENEZIA_GIULIA
IT2169A;2020 non disponibile;FRIULI_VENEZIA_GIULIA
IT2170A;2020 non disponibile;FRIULI_VENEZIA_GIULIA
IT1538A;Pochi_anni_validi (6);FRIULI_VENEZIA_GIULIA
IT1587A;Pochi_anni_validi (5);FRIULI_VENEZIA_GIULIA
IT2129A;Pochi_anni_validi (4);FRIULI_VENEZIA_GIULIA
IT2130A;Pochi_anni_validi (5);FRIULI_VENEZIA_GIULIA
IT2131A;Pochi_anni_validi (5);FRIULI_VENEZIA_GIULIA
IT1475A;Pochi_anni_validi (6);FRIULI_VENEZIA_GIULIA
IT2260A;Pochi_anni_validi (3);FRIULI_VENEZIA_GIULIA
IT2261A;Pochi_anni_validi (3);FRIULI_VENEZIA_GIULIA
IT2262A;Pochi_anni_validi (3);FRIULI_VENEZIA_GIULIA
IT2263A;Pochi_anni_validi (3);FRIULI_VENEZIA_GIULIA
IT2280A;Pochi_anni_validi (2);FRIULI_VENEZIA_GIULIA
IT2200A;2020 non disponibile;FRIULI_VENEZIA_GIULIA
IT1474A;Nessun_Anno_Valida_2013_2019;FRIULI_VENEZIA_GIULIA
IT1137A;Pochi_anni_validi (4);FRIULI_VENEZIA_GIULIA
IT1476A;Pochi_anni_validi (3);FRIULI_VENEZIA_GIULIA
IT1477A;Pochi_anni_validi (3);FRIULI_VENEZIA_GIULIA
IT1537A;Pochi_anni_validi (3);FRIULI_VENEZIA_GIULIA
IT1107A;Pochi_anni_validi (1);FRIULI_VENEZIA_GIULIA
IT1099A;Nessun_Anno_Valida_2013_2019;FRIULI_VENEZIA_GIULIA
IT1097A;Pochi_anni_validi (1);FRIULI_VENEZIA_GIULIA
IT1143A;Pochi_anni_validi (6);LIGURIA
IT2107A;Pochi_anni_validi (6);LIGURIA
IT1887A;Pochi_anni_validi (2);LIGURIA
IT1232A;Pochi_anni_validi (5);LIGURIA
IT1144A;2020 non disponibile;LIGURIA
IT1706A;Pochi_anni_validi (6);LIGURIA
IT1883A;Pochi_anni_validi (6);LIGURIA
IT2038A;2020 non disponibile;LIGURIA
IT2108A;2020 non disponibile;LIGURIA
IT2155A;2020 non disponibile;LIGURIA
IT2286A;Pochi_anni_validi (2);LIGURIA
IT1026A;2020 non disponibile;LIGURIA
IT0854A;Pochi_anni_validi (5);LIGURIA
IT0852A;Pochi_anni_validi (6);LIGURIA
IT0858A;Pochi_anni_validi (4);LIGURIA
IT1549A;Pochi_anni_validi (2);LIGURIA
IT1698A;Pochi_anni_validi (4);LIGURIA
IT1884A;Pochi_anni_validi (1);LIGURIA
IT1943A;2020 non disponibile;LIGURIA
IT2039A;Pochi_anni_validi (4);LIGURIA
IT1456A;2020 non disponibile;LIGURIA
IT1457A;2020 non disponibile;LIGURIA
IT1544A;2020 non disponibile;LIGURIA
IT1536A;2020 non disponibile;LIGURIA
IT1661A;2020 non disponibile;LIGURIA
IT1886A;2020 non disponibile;LIGURIA
IT2229A;2020 non disponibile;LIGURIA
IT1233A;Pochi_anni_validi (2);LIGURIA
IT1145A;Pochi_anni_validi (6);LIGURIA
IT1192A;Pochi_anni_validi (6);LIGURIA
IT1580A;Pochi_anni_validi (3);LIGURIA
IT1553A;2020 non disponibile;TOSCANA
IT0860A;2020 non disponibile;TOSCANA
IT1819A;2020 non disponibile;TOSCANA
IT2241A;2020 non disponibile;TOSCANA
IT1187A;2020 non disponibile;TOSCANA
IT1001A;2020 non disponibile;TOSCANA
IT1186A;2020 non disponibile;TOSCANA
IT2239A;2020 non disponibile;TOSCANA
IT2240A;2020 non disponibile;TOSCANA
IT1571A;2020 non disponibile;TOSCANA
IT1654A;2020 non disponibile;TOSCANA
IT0862A;2020 non disponibile;TOSCANA
IT0948A;2020 non disponibile;TOSCANA
IT0861A;2020 non disponibile;TOSCANA
IT1551A;2020 non disponibile;TOSCANA
IT2153A;2020 non disponibile;TOSCANA
IT2242A;Pochi_anni_validi (3);TOSCANA
IT0063A;2020 non disponibile;TOSCANA
IT1560A;2020 non disponibile;TOSCANA
IT1557A;2020 non disponibile;TOSCANA
IT2154A;2020 non disponibile;TOSCANA
IT2183A;2020 non disponibile;TOSCANA
IT1409A;2020 non disponibile;TOSCANA
IT1149A;2020 non disponibile;TOSCANA
IT1110A;2020 non disponibile;TOSCANA
IT1071A;2020 non disponibile;TOSCANA
IT0950A;2020 non disponibile;TOSCANA
IT0832A;2020 non disponibile;TOSCANA
IT1681A;2020 non disponibile;TOSCANA
IT2032A;2020 non disponibile;TOSCANA
IT2184A;2020 non disponibile;TOSCANA
IT1593A;2020 non disponibile;TOSCANA
IT1592A;2020 non disponibile;TOSCANA
IT0945A;2020 non disponibile;TOSCANA
IT2004A;2020 non disponibile;UMBRIA
IT2099A;Pochi_anni_validi (2);UMBRIA
IT1180A;2020 non disponibile;UMBRIA
IT1182A;2020 non disponibile;UMBRIA
IT1860A;2020 non disponibile;UMBRIA
IT1900A;2020 non disponibile;UMBRIA
IT1901A;2020 non disponibile;UMBRIA
IT1902A;Pochi_anni_validi (4);UMBRIA
IT2064A;2020 non disponibile;UMBRIA
IT2066A;Pochi_anni_validi (6);UMBRIA
IT2067A;Pochi_anni_validi (6);UMBRIA
IT2068A;Pochi_anni_validi (6);UMBRIA
IT2100A;2020 non disponibile;UMBRIA
IT2105A;2020 non disponibile;UMBRIA
IT2114A;2020 non disponibile;UMBRIA
IT1011A;2020 non disponibile;UMBRIA
IT1365A;2020 non disponibile;UMBRIA
IT1728A;2020 non disponibile;UMBRIA
IT2109A;2020 non disponibile;UMBRIA
IT2113A;2020 non disponibile;UMBRIA
IT2134A;Pochi_anni_validi (5);UMBRIA
IT1745A;Pochi_anni_validi (5);UMBRIA
IT1894A;Pochi_anni_validi (2);MARCHE
IT1361A;2020 non disponibile;MARCHE
IT1578A;2020 non disponibile;MARCHE
IT2061A;Pochi_anni_validi (3);MARCHE
IT0459A;Pochi_anni_validi (4);MARCHE
IT0461A;2020 non disponibile;MARCHE
IT0460A;2020 non disponibile;MARCHE
IT1827A;2020 non disponibile;MARCHE
IT1773A;2020 non disponibile;MARCHE
IT2289A;Pochi_anni_validi (1);MARCHE
IT1795A;2020 non disponibile;MARCHE
IT1796A;Pochi_anni_validi (3);MARCHE
IT1843A;2020 non disponibile;MARCHE
IT1842A;Pochi_anni_validi (2);MARCHE
IT2177A;2020 non disponibile;MARCHE
IT0863A;2020 non disponibile;LAZIO
IT2023A;2020 non disponibile;LAZIO
IT2175A;2020 non disponibile;LAZIO
IT2257A;Pochi_anni_validi (2);LAZIO
IT0989A;2020 non disponibile;LAZIO
IT0867A;2020 non disponibile;LAZIO
IT0884A;2020 non disponibile;LAZIO
IT0825A;2020 non disponibile;LAZIO
IT0952A;2020 non disponibile;LAZIO
IT0956A;2020 non disponibile;LAZIO
IT0885A;2020 non disponibile;LAZIO
IT0888A;2020 non disponibile;LAZIO
IT0889A;2020 non disponibile;LAZIO
IT0887A;2020 non disponibile;LAZIO
IT0828A;2020 non disponibile;LAZIO
IT0957A;2020 non disponibile;LAZIO
IT0953A;2020 non disponibile;LAZIO
IT2255A;Pochi_anni_validi (3);LAZIO
IT2264A;2020 non disponibile;LAZIO
IT1184A;2020 non disponibile;LAZIO
IT1200A;2020 non disponibile;LAZIO
IT1176A;2020 non disponibile;LAZIO
IT1183A;2020 non disponibile;LAZIO
IT1837A;2020 non disponibile;LAZIO
IT1836A;2020 non disponibile;LAZIO
IT1835A;2020 non disponibile;LAZIO
IT1834A;2020 non disponibile;LAZIO
IT1841A;2020 non disponibile;LAZIO
IT1906A;2020 non disponibile;LAZIO
IT2012A;2020 non disponibile;LAZIO
IT2172A;2020 non disponibile;LAZIO
IT2246A;2020 non disponibile;LAZIO
IT2247A;Pochi_anni_validi (2);LAZIO
IT2248A;Pochi_anni_validi (3);LAZIO
IT2249A;Pochi_anni_validi (2);LAZIO
IT2250A;Pochi_anni_validi (3);LAZIO
IT2251A;Pochi_anni_validi (3);LAZIO
IT2252A;Pochi_anni_validi (3);LAZIO
IT2253A;Pochi_anni_validi (2);LAZIO
IT2254A;Pochi_anni_validi (2);LAZIO
IT0865A;2020 non disponibile;LAZIO
IT0869A;2020 non disponibile;LAZIO
IT2173A;2020 non disponibile;LAZIO
IT2174A;2020 non disponibile;LAZIO
IT0991A;2020 non disponibile;LAZIO
IT0870A;2020 non disponibile;LAZIO
IT0872A;2020 non disponibile;LAZIO
IT0871A;2020 non disponibile;LAZIO
IT0992A;2020 non disponibile;LAZIO
IT2013A;2020 non disponibile;LAZIO
IT0864A;Pochi_anni_validi (1);LAZIO
IT0868A;Pochi_anni_validi (1);LAZIO
IT2256A;Nessun_Anno_Valida_2013_2019;LAZIO
IT1856A;2020 non disponibile;ABRUZZO
IT2161A;Pochi_anni_validi (3);ABRUZZO
IT1857A;Pochi_anni_validi (6);ABRUZZO
IT1264A;2020 non disponibile;ABRUZZO
IT1208A;Pochi_anni_validi (6);ABRUZZO
IT1423A;Pochi_anni_validi (6);ABRUZZO
IT1977A;2020 non disponibile;ABRUZZO
IT1420A;Pochi_anni_validi (2);ABRUZZO
IT2166A;Pochi_anni_validi (2);ABRUZZO
IT2167A;Pochi_anni_validi (3);ABRUZZO
IT2162A;Nessun_Anno_Valida_2013_2019;ABRUZZO
IT1823A;2020 non disponibile;PUGLIA
IT2058A;2020 non disponibile;PUGLIA
IT1611A;2020 non disponibile;PUGLIA
IT1687A;2020 non disponibile;PUGLIA
IT1660A;Pochi_anni_validi (6);PUGLIA
IT1601A;2020 non disponibile;PUGLIA
IT1598A;2020 non disponibile;PUGLIA
IT1618A;2020 non disponibile;PUGLIA
IT2019A;2020 non disponibile;PUGLIA
IT2142A;Pochi_anni_validi (4);PUGLIA
IT2146A;Pochi_anni_validi (6);PUGLIA
IT1603A;2020 non disponibile;PUGLIA
IT1621A;2020 non disponibile;PUGLIA
IT1624A;2020 non disponibile;PUGLIA
IT1822A;2020 non disponibile;PUGLIA
IT1818A;2020 non disponibile;PUGLIA
IT1817A;Pochi_anni_validi (6);PUGLIA
IT2003A;2020 non disponibile;PUGLIA
IT2051A;2020 non disponibile;PUGLIA
IT2143A;Pochi_anni_validi (3);PUGLIA
IT2144A;2020 non disponibile;PUGLIA
IT2145A;Pochi_anni_validi (2);PUGLIA
IT1610A;2020 non disponibile;PUGLIA
IT1613A;2020 non disponibile;PUGLIA
IT1608A;2020 non disponibile;PUGLIA
IT1609A;2020 non disponibile;PUGLIA
IT1607A;Pochi_anni_validi (5);PUGLIA
IT1614A;2020 non disponibile;PUGLIA
IT1680A;2020 non disponibile;PUGLIA
IT1679A;2020 non disponibile;PUGLIA
IT2021A;Pochi_anni_validi (3);PUGLIA
IT1617A;2020 non disponibile;PUGLIA
IT1658A;2020 non disponibile;PUGLIA
IT1657A;Pochi_anni_validi (6);PUGLIA
IT1663A;Pochi_anni_validi (6);PUGLIA
IT1702A;2020 non disponibile;PUGLIA
IT1701A;2020 non disponibile;PUGLIA
IT1704A;2020 non disponibile;PUGLIA
IT2018A;Pochi_anni_validi (2);PUGLIA
IT2137A;2020 non disponibile;PUGLIA
IT2139A;Pochi_anni_validi (3);PUGLIA
IT2148A;2020 non disponibile;PUGLIA
IT2149A;2020 non disponibile;PUGLIA
IT2151A;2020 non disponibile;PUGLIA
IT1665A;2020 non disponibile;PUGLIA
IT1666A;2020 non disponibile;PUGLIA
IT1932A;2020 non disponibile;PUGLIA
IT2044A;2020 non disponibile;PUGLIA
IT2150A;2020 non disponibile;PUGLIA
IT1606A;Pochi_anni_validi (6);PUGLIA
IT1664A;Pochi_anni_validi (6);PUGLIA
IT2141A;Pochi_anni_validi (2);PUGLIA
IT1953A;Nessun_Anno_Valida_2013_2019;PUGLIA
IT2274A;Nessun_Anno_Valida_2013_2019;SICILIA
IT0614A;2020 non disponibile;SICILIA
IT1898A;2020 non disponibile;SICILIA
IT1076A;Pochi_anni_validi (4);SICILIA
IT1078A;Pochi_anni_validi (6);SICILIA
IT1079A;Pochi_anni_validi (4);SICILIA
IT1552A;Pochi_anni_validi (6);SICILIA
IT1888A;2020 non disponibile;SICILIA
IT1889A;2020 non disponibile;SICILIA
IT2287A;Nessun_Anno_Valida_2013_2019;SICILIA
IT0794A;Pochi_anni_validi (2);SICILIA
IT1449A;Pochi_anni_validi (2);SICILIA
IT1829A;2020 non disponibile;SICILIA
IT1997A;Pochi_anni_validi (6);SICILIA
IT2275A;Pochi_anni_validi (2);SICILIA
IT2288A;Pochi_anni_validi (2);SICILIA
IT2281A;Pochi_anni_validi (1);SICILIA
IT0815A;Pochi_anni_validi (4);SICILIA
IT0817A;Pochi_anni_validi (1);SICILIA
IT0813A;Pochi_anni_validi (3);SICILIA
IT2206A;Pochi_anni_validi (1);SICILIA
IT1890A;2020 non disponibile;SICILIA
IT1899A;2020 non disponibile;SICILIA
IT0618A;2020 non disponibile;SICILIA
IT1440A;2020 non disponibile;SICILIA
IT0620A;Pochi_anni_validi (2);SICILIA
IT0611A;Pochi_anni_validi (4);SICILIA
IT1348A;Pochi_anni_validi (4);SICILIA
IT1346A;2020 non disponibile;SICILIA
IT1566A;Pochi_anni_validi (5);SICILIA
IT1765A;Nessun_Anno_Valida_2013_2019;SICILIA
IT1082A;Pochi_anni_validi (1);SICILIA
IT1080A;Pochi_anni_validi (2);SICILIA
IT1081A;NessunaStagioneValida;SICILIA
IT1207A;Pochi_anni_validi (2);SICILIA
IT1691A;Nessun_Anno_Valida_2013_2019;SICILIA
IT1764A;Nessun_Anno_Valida_2013_2019;SICILIA
IT1846A;Nessun_Anno_Valida_2013_2019;SICILIA
IT1763A;Nessun_Anno_Valida_2013_2019;SICILIA
IT1760A;Nessun_Anno_Valida_2013_2019;SICILIA
IT1411A;Pochi_anni_validi (2);SICILIA
IT1282A;Pochi_anni_validi (1);SICILIA
IT1443A;Pochi_anni_validi (2);SICILIA
IT2052A;Pochi_anni_validi (4);SICILIA
IT1724A;Nessun_Anno_Valida_2013_2019;SICILIA
IT1721A;Pochi_anni_validi (1);SICILIA
IT1718A;Pochi_anni_validi (3);SICILIA
IT2033A;Nessun_Anno_Valida_2013_2019;SICILIA
IT2036A;Nessun_Anno_Valida_2013_2019;SICILIA
IT2054A;Nessun_Anno_Valida_2013_2019;SICILIA
IT0615A;Pochi_anni_validi (2);SICILIA
IT0612A;Pochi_anni_validi (1);SICILIA
IT0545A;Pochi_anni_validi (2);SICILIA
IT2207A;Nessun_Anno_Valida_2013_2019;SICILIA
IT2208A;Nessun_Anno_Valida_2013_2019;SICILIA
IT1800A;Nessun_Anno_Valida_2013_2019;MOLISE
IT1798A;Pochi_anni_validi (3);MOLISE
IT1801A;Pochi_anni_validi (1);MOLISE
IT1804A;Pochi_anni_validi (4);MOLISE
IT1863A;Nessun_Anno_Valida_2013_2019;MOLISE
IT1962A;Pochi_anni_validi (1);MOLISE
IT1753A;Pochi_anni_validi (3);MOLISE
IT1802A;Pochi_anni_validi (1);MOLISE
IT2180A;NessunaStagioneValida;MOLISE
IT2228A;Nessun_Anno_Valida_2013_2019;CAMPANIA
IT2211A;Nessun_Anno_Valida_2013_2019;CAMPANIA
IT2216A;Pochi_anni_validi (2);CAMPANIA
IT2270A;Pochi_anni_validi (3);CAMPANIA
IT2283A;Nessun_Anno_Valida_2013_2019;CAMPANIA
IT1487A;Pochi_anni_validi (5);CAMPANIA
IT1488A;Pochi_anni_validi (5);CAMPANIA
IT2215A;Pochi_anni_validi (4);CAMPANIA
IT1495A;Pochi_anni_validi (5);CAMPANIA
IT1496A;2020 non disponibile;CAMPANIA
IT1497A;Pochi_anni_validi (5);CAMPANIA
IT2212A;Pochi_anni_validi (3);CAMPANIA
IT2218A;Pochi_anni_validi (1);CAMPANIA
IT2219A;Pochi_anni_validi (4);CAMPANIA
IT2272A;Pochi_anni_validi (2);CAMPANIA
IT2277A;Pochi_anni_validi (1);CAMPANIA
IT2210A;Pochi_anni_validi (4);CAMPANIA
IT2227A;Pochi_anni_validi (3);CAMPANIA
IT2213A;Pochi_anni_validi (4);CAMPANIA
IT2214A;Pochi_anni_validi (2);CAMPANIA
IT2268A;Pochi_anni_validi (3);CAMPANIA
IT2269A;Pochi_anni_validi (1);CAMPANIA
IT2273A;Pochi_anni_validi (2);CAMPANIA
IT1486A;Pochi_anni_validi (6);CAMPANIA
IT0937A;Pochi_anni_validi (2);CAMPANIA
IT0934A;Pochi_anni_validi (4);CAMPANIA
IT1491A;Pochi_anni_validi (5);CAMPANIA
IT1492A;Pochi_anni_validi (2);CAMPANIA
IT1493A;Pochi_anni_validi (6);CAMPANIA
IT0898A;Pochi_anni_validi (5);CAMPANIA
IT0897A;Pochi_anni_validi (2);CAMPANIA
IT0935A;Pochi_anni_validi (2);CAMPANIA
IT0936A;Pochi_anni_validi (2);CAMPANIA
IT0938A;Pochi_anni_validi (2);CAMPANIA
IT1504A;Pochi_anni_validi (6);CAMPANIA
IT2226A;Pochi_anni_validi (1);CAMPANIA
IT2220A;Pochi_anni_validi (1);CAMPANIA
IT2222A;Pochi_anni_validi (2);CAMPANIA
IT1193A;2020 non disponibile;BASILICATA
IT1586A;2020 non disponibile;BASILICATA
IT1583A;2020 non disponibile;BASILICATA
IT1585A;Pochi_anni_validi (5);BASILICATA
IT1740A;Pochi_anni_validi (4);BASILICATA
IT1897A;2020 non disponibile;BASILICATA
IT2202A;2020 non disponibile;BASILICATA
IT2203A;2020 non disponibile;BASILICATA
IT2204A;2020 non disponibile;BASILICATA
IT2205A;2020 non disponibile;BASILICATA
IT2290A;NessunaStagioneValida;BASILICATA
IT2291A;NessunaStagioneValida;BASILICATA
IT1674A;Nessun_Anno_Valida_2013_2019;BASILICATA
IT1742A;Nessun_Anno_Valida_2013_2019;BASILICATA
IT1744A;NessunaStagioneValida;BASILICATA
IT1895A;Nessun_Anno_Valida_2013_2019;BASILICATA
IT1741A;Nessun_Anno_Valida_2013_2019;BASILICATA
IT2009A;2020 non disponibile;SARDEGNA
IT1397A;2020 non disponibile;SARDEGNA
IT1347A;2020 non disponibile;SARDEGNA
IT1383A;2020 non disponibile;SARDEGNA
IT1243A;2020 non disponibile;SARDEGNA
IT1309A;2020 non disponibile;SARDEGNA
IT2010A;2020 non disponibile;SARDEGNA
IT2059A;2020 non disponibile;SARDEGNA
IT2060A;2020 non disponibile;SARDEGNA
IT1428A;2020 non disponibile;SARDEGNA
IT1427A;2020 non disponibile;SARDEGNA
IT1277A;2020 non disponibile;SARDEGNA
IT1996A;2020 non disponibile;SARDEGNA
IT1278A;2020 non disponibile;SARDEGNA
IT1273A;Pochi_anni_validi (6);SARDEGNA
IT1269A;2020 non disponibile;SARDEGNA
IT1375A;2020 non disponibile;SARDEGNA
IT1575A;2020 non disponibile;SARDEGNA
IT1576A;2020 non disponibile;SARDEGNA
IT1947A;Pochi_anni_validi (6);SARDEGNA
IT1993A;2020 non disponibile;SARDEGNA
IT2011A;2020 non disponibile;SARDEGNA
IT2040A;2020 non disponibile;SARDEGNA
IT2049A;2020 non disponibile;SARDEGNA
IT2056A;2020 non disponibile;SARDEGNA
IT1378A;2020 non disponibile;SARDEGNA
IT1377A;2020 non disponibile;SARDEGNA
IT2008A;2020 non disponibile;SARDEGNA
IT2005A;2020 non disponibile;SARDEGNA
IT1994A;2020 non disponibile;SARDEGNA
IT1992A;2020 non disponibile;SARDEGNA
IT1998A;2020 non disponibile;SARDEGNA
IT2006A;2020 non disponibile;SARDEGNA
IT1350A;Pochi_anni_validi (5);SARDEGNA
IT2055A;Pochi_anni_validi (5);SARDEGNA
IT1280A;Pochi_anni_validi (5);SARDEGNA
IT1396A;Pochi_anni_validi (5);SARDEGNA
IT1270A;Pochi_anni_validi (4);SARDEGNA
IT1307A;Pochi_anni_validi (5);SARDEGNA
IT1220A;Pochi_anni_validi (5);SARDEGNA
IT1766A;2020 non disponibile;CALABRIA
IT2026A;Pochi_anni_validi (5);CALABRIA
IT2112A;2020 non disponibile;CALABRIA
IT1938A;2020 non disponibile;CALABRIA
IT2086A;2020 non disponibile;CALABRIA
IT2090A;2020 non disponibile;CALABRIA
IT2110A;2020 non disponibile;CALABRIA
IT2078A;Pochi_anni_validi (4);CALABRIA
IT2087A;2020 non disponibile;CALABRIA
IT2089A;Pochi_anni_validi (4);CALABRIA
IT2091A;2020 non disponibile;CALABRIA
IT2111A;2020 non disponibile;CALABRIA
IT1940A;2020 non disponibile;CALABRIA
IT1989A;2020 non disponibile;CALABRIA
IT2028A;2020 non disponibile;CALABRIA
IT2094A;Pochi_anni_validi (3);CALABRIA
IT2031A;2020 non disponibile;CALABRIA
IT2088A;2020 non disponibile;CALABRIA
IT2092A;2020 non disponibile;CALABRIA
IT2093A;2020 non disponibile;CALABRIA
IT2185A;NessunaStagioneValida;CALABRIA
IT2191A;NessunaStagioneValida;CALABRIA
IT2186A;NessunaStagioneValida;CALABRIA
IT2189A;NessunaStagioneValida;CALABRIA
IT2190A;NessunaStagioneValida;CALABRIA
IT2188A;NessunaStagioneValida;CALABRIA
IT2193A;NessunaStagioneValida;CALABRIA
IT2192A;NessunaStagioneValida;CALABRIA
IT2194A;Pochi_anni_validi (2);CALABRIA
IT2195A;Pochi_anni_validi (1);CALABRIA
IT2187A;NessunaStagioneValida;CALABRIA
