IT1532A;2020 non disponibile;PIEMONTE
IT1518A;Pochi_anni_validi (5);PIEMONTE
IT1529A;2020 non completo;PIEMONTE
IT1523A;Pochi_anni_validi (6);PIEMONTE
IT1114A;2020 non disponibile;PIEMONTE
IT1125A;Pochi_anni_validi (6);PIEMONTE
IT1877A;2020 non disponibile;PIEMONTE
IT2116A;Pochi_anni_validi (4);PIEMONTE
IT1676A;Pochi_anni_validi (6);PIEMONTE
IT1903A;2020 non completo;PIEMONTE
IT1948A;2020 non disponibile;PIEMONTE
IT1830A;2020 non completo;PIEMONTE
IT1246A;2020 non disponibile;PIEMONTE
IT2128A;Pochi_anni_validi (5);PIEMONTE
IT0469A;2020 non completo;PIEMONTE
IT0470A;Pochi_anni_validi (6);PIEMONTE
IT1128A;2020 non completo;PIEMONTE
IT1247A;Pochi_anni_validi (6);PIEMONTE
IT1582A;Nessun_Anno_Valida_2013_2019;PIEMONTE
IT1878A;2020 non completo;PIEMONTE
IT2117A;Pochi_anni_validi (5);PIEMONTE
IT2168A;Pochi_anni_validi (5);PIEMONTE
IT2282A;Nessun_Anno_Valida_2013_2019;PIEMONTE
IT1510A;2020 non disponibile;PIEMONTE
IT1963A;Pochi_anni_validi (5);PIEMONTE
IT2121A;Pochi_anni_validi (6);PIEMONTE
IT2119A;Pochi_anni_validi (4);PIEMONTE
IT2102A;Pochi_anni_validi (6);PIEMONTE
IT1509A;2020 non disponibile;PIEMONTE
IT1519A;Pochi_anni_validi (6);PIEMONTE
IT1847A;2020 non disponibile;PIEMONTE
IT1961A;Pochi_anni_validi (5);PIEMONTE
IT2101A;Pochi_anni_validi (6);PIEMONTE
IT2118A;Pochi_anni_validi (5);PIEMONTE
IT2104A;Pochi_anni_validi (4);PIEMONTE
IT0977A;2020 non disponibile;VALLE_AOSTA
IT2178A;NessunaStagioneValida;VALLE_AOSTA
IT2179A;NessunaStagioneValida;VALLE_AOSTA
IT1976A;Nessun_Anno_Valida_2013_2019;VALLE_AOSTA
IT2234A;Pochi_anni_validi (4);VALLE_AOSTA
IT2284A;Pochi_anni_validi (3);VALLE_AOSTA
IT0980A;Pochi_anni_validi (6);VALLE_AOSTA
IT0979A;Pochi_anni_validi (1);VALLE_AOSTA
IT2267A;NessunaStagioneValida;VALLE_AOSTA
IT0978A;Pochi_anni_validi (1);VALLE_AOSTA
IT1725A;Pochi_anni_validi (2);VALLE_AOSTA
IT2266A;Nessun_Anno_Valida_2013_2019;VALLE_AOSTA
IT0908A;2020 non disponibile;LOMBARDIA
IT1190A;2020 non disponibile;LOMBARDIA
IT0706A;Pochi_anni_validi (5);LOMBARDIA
IT0593A;Pochi_anni_validi (4);LOMBARDIA
IT0592A;Pochi_anni_validi (5);LOMBARDIA
IT0480A;Pochi_anni_validi (6);LOMBARDIA
IT0705A;Pochi_anni_validi (6);LOMBARDIA
IT1290A;Pochi_anni_validi (2);LOMBARDIA
IT1294A;Pochi_anni_validi (6);LOMBARDIA
IT0707A;Pochi_anni_validi (6);LOMBARDIA
IT1463A;2020 non disponibile;LOMBARDIA
IT1464A;Pochi_anni_validi (6);LOMBARDIA
IT1876A;2020 non disponibile;LOMBARDIA
IT2062A;2020 non disponibile;LOMBARDIA
IT0742A;2020 non disponibile;LOMBARDIA
IT0740A;2020 non disponibile;LOMBARDIA
IT1385A;2020 non disponibile;LOMBARDIA
IT1737A;Pochi_anni_validi (6);LOMBARDIA
IT0692A;Pochi_anni_validi (4);LOMBARDIA
IT1736A;2020 non disponibile;LOMBARDIA
IT2079A;2020 non disponibile;LOMBARDIA
IT0840A;2020 non disponibile;LOMBARDIA
IT2063A;Pochi_anni_validi (6);LOMBARDIA
IT1392A;2020 non disponibile;LOMBARDIA
IT1865A;2020 non disponibile;LOMBARDIA
IT1812A;Pochi_anni_validi (3);LOMBARDIA
IT2014A;2020 non disponibile;LOMBARDIA
IT1288A;Pochi_anni_validi (6);LOMBARDIA
IT1964A;2020 non disponibile;LOMBARDIA
IT0477A;2020 non completo;LOMBARDIA
IT0709A;2020 non completo;LOMBARDIA
IT1153A;2020 non completo;LOMBARDIA
IT1743A;Pochi_anni_validi (6);LOMBARDIA
IT1967A;Pochi_anni_validi (6);LOMBARDIA
IT2098A;Pochi_anni_validi (2);LOMBARDIA
IT1873A;2020 non disponibile;LOMBARDIA
IT1648A;2020 non disponibile;LOMBARDIA
IT1203A;2020 non disponibile;LOMBARDIA
IT1792A;Pochi_anni_validi (6);LOMBARDIA
IT0778A;2020 non disponibile;LOMBARDIA
IT0741A;2020 non disponibile;LOMBARDIA
IT0743A;Pochi_anni_validi (6);LOMBARDIA
IT0846A;2020 non disponibile;LOMBARDIA
IT1735A;2020 non disponibile;LOMBARDIA
IT1874A;Pochi_anni_validi (5);LOMBARDIA
IT0839A;2020 non disponibile;LOMBARDIA
IT1459A;2020 non disponibile;LOMBARDIA
IT0775A;2020 non disponibile;LOMBARDIA
IT0623A;Pochi_anni_validi (3);LOMBARDIA
IT1034A;Pochi_anni_validi (4);LOMBARDIA
IT0267A;2020 non disponibile;LOMBARDIA
IT1650A;2020 non disponibile;LOMBARDIA
IT0777A;2020 non disponibile;LOMBARDIA
IT0694A;Pochi_anni_validi (4);LOMBARDIA
IT0837A;2020 non disponibile;LOMBARDIA
IT1287A;2020 non disponibile;LOMBARDIA
IT1646A;2020 non disponibile;LOMBARDIA
IT1746A;2020 non disponibile;LOMBARDIA
IT2230A;2020 non disponibile;LOMBARDIA
IT1734A;2020 non disponibile;LOMBARDIA
IT2007A;2020 non disponibile;LOMBARDIA
IT1174A;2020 non disponibile;LOMBARDIA
IT0737A;2020 non disponibile;LOMBARDIA
IT1388A;Pochi_anni_validi (6);LOMBARDIA
IT0842A;2020 non disponibile;LOMBARDIA
IT2232A;2020 non disponibile;LOMBARDIA
IT2095A;Pochi_anni_validi (2);LOMBARDIA
IT1678A;Pochi_anni_validi (4);PA_BOLZANO
IT0502A;2020 non disponibile;PA_BOLZANO
IT0505A;Pochi_anni_validi (6);PA_BOLZANO
IT2279A;Pochi_anni_validi (2);PA_BOLZANO
IT0753A;Pochi_anni_validi (2);PA_TRENTO
IT1930A;Pochi_anni_validi (2);PA_TRENTO
IT1931A;Pochi_anni_validi (2);PA_TRENTO
IT1343A;Pochi_anni_validi (3);VENETO
IT1535A;2020 non disponibile;VENETO
IT1848A;2020 non disponibile;VENETO
IT1065A;2020 non disponibile;VENETO
IT1172A;2020 non disponibile;VENETO
IT1791A;2020 non disponibile;VENETO
IT1619A;2020 non disponibile;VENETO
IT1328A;2020 non disponibile;VENETO
IT1590A;2020 non completo;VENETO
IT0963A;2020 non disponibile;VENETO
IT1222A;2020 non completo;VENETO
IT1936A;2020 non disponibile;VENETO
IT1453A;2020 non disponibile;VENETO
IT1880A;2020 non disponibile;VENETO
IT1871A;2020 non disponibile;VENETO
IT1870A;2020 non completo;VENETO
IT2071A;2020 non disponibile;VENETO
IT1214A;2020 non completo;VENETO
IT0448A;2020 non disponibile;VENETO
IT0663A;2020 non completo;VENETO
IT1177A;2020 non completo;VENETO
IT1215A;2020 non disponibile;VENETO
IT1594A;2020 non completo;VENETO
IT1596A;2020 non completo;VENETO
IT1838A;2020 non completo;VENETO
IT1862A;Pochi_anni_validi (6);VENETO
IT2072A;2020 non disponibile;VENETO
IT2231A;2020 non completo;VENETO
IT2245A;Pochi_anni_validi (3);VENETO
IT1340A;2020 non disponibile;VENETO
IT1905A;Pochi_anni_validi (6);VENETO
IT1790A;2020 non disponibile;VENETO
IT1934A;Pochi_anni_validi (4);VENETO
IT0441A;Pochi_anni_validi (1);VENETO
IT1213A;2020 non disponibile;VENETO
IT1833A;2020 non disponibile;VENETO
IT1212A;Pochi_anni_validi (1);VENETO
IT0544A;2020 non completo;EMILIA_ROMAGNA
IT0721A;2020 non completo;EMILIA_ROMAGNA
IT0755A;Pochi_anni_validi (5);EMILIA_ROMAGNA
IT0804A;2020 non completo;EMILIA_ROMAGNA
IT0892A;2020 non completo;EMILIA_ROMAGNA
IT0895A;2020 non completo;EMILIA_ROMAGNA
IT0903A;2020 non completo;EMILIA_ROMAGNA
IT0940A;2020 non completo;EMILIA_ROMAGNA
IT1029A;2020 non completo;EMILIA_ROMAGNA
IT1923A;Pochi_anni_validi (6);EMILIA_ROMAGNA
IT1043A;2020 non completo;EMILIA_ROMAGNA
IT1048A;Pochi_anni_validi (6);EMILIA_ROMAGNA
IT2074A;2020 non completo;EMILIA_ROMAGNA
IT0702A;Pochi_anni_validi (1);EMILIA_ROMAGNA
IT1163A;2020 non completo;EMILIA_ROMAGNA
IT1672A;2020 non completo;EMILIA_ROMAGNA
IT1204A;2020 non completo;EMILIA_ROMAGNA
IT2097A;2020 non disponibile;EMILIA_ROMAGNA
IT1670A;2020 non completo;EMILIA_ROMAGNA
IT1917A;2020 non completo;EMILIA_ROMAGNA
IT1927A;2020 non completo;EMILIA_ROMAGNA
IT1928A;2020 non completo;EMILIA_ROMAGNA
IT1908A;2020 non completo;EMILIA_ROMAGNA
IT1911A;2020 non completo;EMILIA_ROMAGNA
IT2027A;Pochi_anni_validi (5);EMILIA_ROMAGNA
IT1915A;Pochi_anni_validi (5);EMILIA_ROMAGNA
IT1916A;Pochi_anni_validi (6);EMILIA_ROMAGNA
IT1975A;2020 non completo;EMILIA_ROMAGNA
IT2075A;2020 non completo;EMILIA_ROMAGNA
IT2158A;2020 non completo;EMILIA_ROMAGNA
IT1030A;Pochi_anni_validi (2);EMILIA_ROMAGNA
IT2076A;Pochi_anni_validi (1);EMILIA_ROMAGNA
IT1170A;Pochi_anni_validi (2);FRIULI_VENEZIA_GIULIA
IT1259A;2020 non disponibile;FRIULI_VENEZIA_GIULIA
IT1166A;Pochi_anni_validi (5);FRIULI_VENEZIA_GIULIA
IT1538A;Pochi_anni_validi (5);FRIULI_VENEZIA_GIULIA
IT1587A;2020 non disponibile;FRIULI_VENEZIA_GIULIA
IT1091A;Pochi_anni_validi (3);FRIULI_VENEZIA_GIULIA
IT1475A;Pochi_anni_validi (4);FRIULI_VENEZIA_GIULIA
IT1477A;Pochi_anni_validi (1);FRIULI_VENEZIA_GIULIA
IT1099A;Pochi_anni_validi (1);FRIULI_VENEZIA_GIULIA
IT1098A;Pochi_anni_validi (1);FRIULI_VENEZIA_GIULIA
IT0966A;2020 non disponibile;FRIULI_VENEZIA_GIULIA
IT1112A;NessunaStagioneValida;FRIULI_VENEZIA_GIULIA
IT2115A;Pochi_anni_validi (4);FRIULI_VENEZIA_GIULIA
IT2140A;2020 non disponibile;FRIULI_VENEZIA_GIULIA
IT2201A;2020 non disponibile;FRIULI_VENEZIA_GIULIA
IT2261A;Pochi_anni_validi (2);FRIULI_VENEZIA_GIULIA
IT2280A;Pochi_anni_validi (2);FRIULI_VENEZIA_GIULIA
IT2133A;Pochi_anni_validi (5);FRIULI_VENEZIA_GIULIA
IT2152A;2020 non disponibile;FRIULI_VENEZIA_GIULIA
IT2182A;2020 non disponibile;FRIULI_VENEZIA_GIULIA
IT2131A;Pochi_anni_validi (4);FRIULI_VENEZIA_GIULIA
IT2132A;Pochi_anni_validi (5);FRIULI_VENEZIA_GIULIA
IT1090A;Pochi_anni_validi (3);FRIULI_VENEZIA_GIULIA
IT1097A;Pochi_anni_validi (5);FRIULI_VENEZIA_GIULIA
IT1168A;2020 non disponibile;FRIULI_VENEZIA_GIULIA
IT2170A;2020 non disponibile;FRIULI_VENEZIA_GIULIA
IT2129A;2020 non disponibile;FRIULI_VENEZIA_GIULIA
IT1137A;Pochi_anni_validi (4);FRIULI_VENEZIA_GIULIA
IT1537A;Pochi_anni_validi (1);FRIULI_VENEZIA_GIULIA
IT2169A;2020 non disponibile;FRIULI_VENEZIA_GIULIA
IT2130A;Pochi_anni_validi (5);FRIULI_VENEZIA_GIULIA
IT1476A;Pochi_anni_validi (2);FRIULI_VENEZIA_GIULIA
IT2263A;Pochi_anni_validi (3);FRIULI_VENEZIA_GIULIA
IT2262A;Pochi_anni_validi (3);FRIULI_VENEZIA_GIULIA
IT2200A;2020 non disponibile;FRIULI_VENEZIA_GIULIA
IT1853A;Pochi_anni_validi (1);FRIULI_VENEZIA_GIULIA
IT2029A;Pochi_anni_validi (2);LIGURIA
IT1233A;Pochi_anni_validi (2);LIGURIA
IT1144A;2020 non disponibile;LIGURIA
IT2038A;2020 non disponibile;LIGURIA
IT1026A;Pochi_anni_validi (4);LIGURIA
IT0854A;Pochi_anni_validi (5);LIGURIA
IT0852A;2020 non disponibile;LIGURIA
IT1751A;2020 non disponibile;LIGURIA
IT1887A;2020 non disponibile;LIGURIA
IT1884A;2020 non disponibile;LIGURIA
IT1943A;2020 non disponibile;LIGURIA
IT1944A;Pochi_anni_validi (3);LIGURIA
IT2022A;Pochi_anni_validi (2);LIGURIA
IT1456A;2020 non disponibile;LIGURIA
IT1547A;2020 non disponibile;LIGURIA
IT1546A;2020 non disponibile;LIGURIA
IT1544A;2020 non disponibile;LIGURIA
IT1536A;Pochi_anni_validi (6);LIGURIA
IT1232A;2020 non disponibile;LIGURIA
IT0858A;2020 non disponibile;LIGURIA
IT1850A;2020 non disponibile;LIGURIA
IT2039A;Pochi_anni_validi (4);LIGURIA
IT1661A;2020 non disponibile;LIGURIA
IT1662A;2020 non disponibile;LIGURIA
IT1886A;2020 non disponibile;LIGURIA
IT1192A;2020 non disponibile;LIGURIA
IT1698A;2020 non disponibile;LIGURIA
IT1457A;2020 non disponibile;LIGURIA
IT1548A;2020 non disponibile;LIGURIA
IT1145A;2020 non disponibile;LIGURIA
IT1143A;2020 non disponibile;LIGURIA
IT1883A;2020 non disponibile;LIGURIA
IT2108A;2020 non disponibile;LIGURIA
IT2155A;2020 non disponibile;LIGURIA
IT2229A;2020 non disponibile;LIGURIA
IT2107A;2020 non disponibile;LIGURIA
IT0856A;2020 non disponibile;LIGURIA
IT1549A;Pochi_anni_validi (3);LIGURIA
IT2286A;Pochi_anni_validi (2);LIGURIA
IT1882A;Pochi_anni_validi (1);LIGURIA
IT0853A;Nessun_Anno_Valida_2013_2019;LIGURIA
IT1178A;Pochi_anni_validi (1);LIGURIA
IT1542A;NessunaStagioneValida;LIGURIA
IT1560A;Pochi_anni_validi (6);TOSCANA
IT2242A;Pochi_anni_validi (3);TOSCANA
IT1900A;2020 non disponibile;UMBRIA
IT2004A;2020 non disponibile;UMBRIA
IT2064A;2020 non disponibile;UMBRIA
IT2067A;Pochi_anni_validi (6);UMBRIA
IT2100A;2020 non disponibile;UMBRIA
IT2109A;2020 non disponibile;UMBRIA
IT1860A;2020 non disponibile;UMBRIA
IT1901A;2020 non disponibile;UMBRIA
IT2105A;2020 non disponibile;UMBRIA
IT2114A;2020 non disponibile;UMBRIA
IT1011A;2020 non disponibile;UMBRIA
IT1365A;2020 non disponibile;UMBRIA
IT1728A;2020 non disponibile;UMBRIA
IT1182A;2020 non disponibile;UMBRIA
IT1745A;Pochi_anni_validi (6);UMBRIA
IT1902A;2020 non disponibile;UMBRIA
IT2066A;2020 non disponibile;UMBRIA
IT1180A;2020 non disponibile;UMBRIA
IT2113A;2020 non disponibile;UMBRIA
IT2134A;2020 non disponibile;UMBRIA
IT0459A;2020 non disponibile;MARCHE
IT0461A;Pochi_anni_validi (4);MARCHE
IT1827A;2020 non disponibile;MARCHE
IT1773A;Pochi_anni_validi (3);MARCHE
IT2061A;Pochi_anni_validi (4);MARCHE
IT1843A;Pochi_anni_validi (4);MARCHE
IT1361A;Pochi_anni_validi (5);MARCHE
IT0460A;2020 non disponibile;MARCHE
IT1842A;Pochi_anni_validi (1);MARCHE
IT1578A;Pochi_anni_validi (3);MARCHE
IT1795A;Pochi_anni_validi (4);MARCHE
IT2177A;2020 non disponibile;MARCHE
IT2289A;Pochi_anni_validi (1);MARCHE
IT1796A;Pochi_anni_validi (1);MARCHE
IT0957A;Pochi_anni_validi (6);LAZIO
IT0868A;Pochi_anni_validi (1);LAZIO
IT2174A;2020 non disponibile;LAZIO
IT2013A;Pochi_anni_validi (6);LAZIO
IT2247A;Pochi_anni_validi (2);LAZIO
IT2248A;Pochi_anni_validi (3);LAZIO
IT2249A;Pochi_anni_validi (3);LAZIO
IT2250A;Pochi_anni_validi (3);LAZIO
IT2251A;Pochi_anni_validi (3);LAZIO
IT2252A;Pochi_anni_validi (3);LAZIO
IT2253A;Pochi_anni_validi (3);LAZIO
IT2254A;Pochi_anni_validi (3);LAZIO
IT2255A;Pochi_anni_validi (3);LAZIO
IT2257A;Pochi_anni_validi (3);LAZIO
IT0864A;Pochi_anni_validi (1);LAZIO
IT2175A;2020 non disponibile;LAZIO
IT2256A;Nessun_Anno_Valida_2013_2019;LAZIO
IT1856A;Pochi_anni_validi (6);ABRUZZO
IT1264A;Pochi_anni_validi (5);ABRUZZO
IT1423A;Pochi_anni_validi (6);ABRUZZO
IT1208A;Pochi_anni_validi (4);ABRUZZO
IT1977A;Pochi_anni_validi (5);ABRUZZO
IT2159A;Pochi_anni_validi (2);ABRUZZO
IT2161A;Pochi_anni_validi (3);ABRUZZO
IT2162A;Pochi_anni_validi (1);ABRUZZO
IT2160A;Pochi_anni_validi (2);ABRUZZO
IT2165A;Pochi_anni_validi (2);ABRUZZO
IT1857A;Pochi_anni_validi (1);ABRUZZO
IT2166A;Pochi_anni_validi (2);ABRUZZO
IT2164A;Pochi_anni_validi (2);ABRUZZO
IT2163A;Pochi_anni_validi (1);ABRUZZO
IT2167A;Pochi_anni_validi (2);ABRUZZO
IT1664A;2020 non disponibile;PUGLIA
IT1608A;2020 non completo;PUGLIA
IT1607A;Pochi_anni_validi (5);PUGLIA
IT1660A;Pochi_anni_validi (5);PUGLIA
IT1704A;Pochi_anni_validi (6);PUGLIA
IT2149A;Pochi_anni_validi (4);PUGLIA
IT2150A;Pochi_anni_validi (4);PUGLIA
IT2151A;Pochi_anni_validi (5);PUGLIA
IT1601A;2020 non disponibile;PUGLIA
IT2019A;2020 non disponibile;PUGLIA
IT2141A;Pochi_anni_validi (3);PUGLIA
IT1822A;Pochi_anni_validi (6);PUGLIA
IT1817A;Pochi_anni_validi (3);PUGLIA
IT2051A;Pochi_anni_validi (5);PUGLIA
IT2058A;Pochi_anni_validi (4);PUGLIA
IT2144A;2020 non disponibile;PUGLIA
IT1610A;Pochi_anni_validi (5);PUGLIA
IT1680A;2020 non disponibile;PUGLIA
IT1679A;2020 non disponibile;PUGLIA
IT1617A;2020 non disponibile;PUGLIA
IT1657A;2020 non disponibile;PUGLIA
IT1663A;2020 non disponibile;PUGLIA
IT1701A;2020 non disponibile;PUGLIA
IT2018A;2020 non disponibile;PUGLIA
IT1665A;Pochi_anni_validi (3);PUGLIA
IT1953A;Pochi_anni_validi (6);PUGLIA
IT1606A;Pochi_anni_validi (6);PUGLIA
IT1598A;Pochi_anni_validi (6);PUGLIA
IT1618A;2020 non disponibile;PUGLIA
IT2146A;2020 non disponibile;PUGLIA
IT1603A;2020 non disponibile;PUGLIA
IT1823A;Pochi_anni_validi (5);PUGLIA
IT2137A;2020 non disponibile;PUGLIA
IT1666A;Pochi_anni_validi (4);PUGLIA
IT2142A;2020 non disponibile;PUGLIA
IT1818A;Pochi_anni_validi (6);PUGLIA
IT2003A;Pochi_anni_validi (6);PUGLIA
IT2145A;2020 non disponibile;PUGLIA
IT1621A;Pochi_anni_validi (3);PUGLIA
IT1932A;Pochi_anni_validi (5);PUGLIA
IT1624A;2020 non disponibile;PUGLIA
IT2143A;2020 non disponibile;PUGLIA
IT2044A;Pochi_anni_validi (6);PUGLIA
IT1702A;Pochi_anni_validi (6);PUGLIA
IT1898A;Pochi_anni_validi (5);SICILIA
IT1082A;Pochi_anni_validi (4);SICILIA
IT1080A;Pochi_anni_validi (1);SICILIA
IT1081A;Nessun_Anno_Valida_2013_2019;SICILIA
IT1079A;Pochi_anni_validi (6);SICILIA
IT1889A;2020 non disponibile;SICILIA
IT0816A;Pochi_anni_validi (1);SICILIA
IT1282A;Pochi_anni_validi (1);SICILIA
IT1443A;Pochi_anni_validi (2);SICILIA
IT0813A;Pochi_anni_validi (3);SICILIA
IT1890A;2020 non disponibile;SICILIA
IT1724A;Nessun_Anno_Valida_2013_2019;SICILIA
IT1721A;Pochi_anni_validi (1);SICILIA
IT1440A;2020 non disponibile;SICILIA
IT0611A;2020 non disponibile;SICILIA
IT1346A;2020 non disponibile;SICILIA
IT1078A;Pochi_anni_validi (4);SICILIA
IT1207A;Pochi_anni_validi (1);SICILIA
IT1552A;2020 non disponibile;SICILIA
IT1794A;Pochi_anni_validi (3);SICILIA
IT1997A;Pochi_anni_validi (6);SICILIA
IT0817A;Pochi_anni_validi (2);SICILIA
IT1281A;Pochi_anni_validi (2);SICILIA
IT2206A;Pochi_anni_validi (3);SICILIA
IT2207A;Pochi_anni_validi (1);SICILIA
IT2208A;Nessun_Anno_Valida_2013_2019;SICILIA
IT2052A;Pochi_anni_validi (3);SICILIA
IT1718A;Pochi_anni_validi (4);SICILIA
IT2054A;Pochi_anni_validi (1);SICILIA
IT0612A;Pochi_anni_validi (1);SICILIA
IT0614A;2020 non disponibile;SICILIA
IT1076A;Pochi_anni_validi (4);SICILIA
IT0815A;Pochi_anni_validi (1);SICILIA
IT2036A;Pochi_anni_validi (2);SICILIA
IT0618A;2020 non disponibile;SICILIA
IT0620A;2020 non disponibile;SICILIA
IT1348A;Pochi_anni_validi (4);SICILIA
IT1888A;2020 non disponibile;SICILIA
IT0792A;Pochi_anni_validi (3);SICILIA
IT1829A;2020 non disponibile;SICILIA
IT2274A;Pochi_anni_validi (1);SICILIA
IT1899A;2020 non disponibile;SICILIA
IT2287A;Nessun_Anno_Valida_2013_2019;SICILIA
IT0794A;Pochi_anni_validi (2);SICILIA
IT1449A;Pochi_anni_validi (2);SICILIA
IT2288A;Pochi_anni_validi (2);SICILIA
IT2281A;Pochi_anni_validi (1);SICILIA
IT2033A;2020 non disponibile;SICILIA
IT1846A;Nessun_Anno_Valida_2013_2019;SICILIA
IT1763A;Nessun_Anno_Valida_2013_2019;SICILIA
IT0615A;Pochi_anni_validi (2);SICILIA
IT1691A;Pochi_anni_validi (1);SICILIA
IT0545A;Pochi_anni_validi (2);SICILIA
IT1765A;NessunaStagioneValida;SICILIA
IT1764A;Nessun_Anno_Valida_2013_2019;SICILIA
IT1760A;Nessun_Anno_Valida_2013_2019;SICILIA
IT1411A;Pochi_anni_validi (2);SICILIA
IT1802A;Pochi_anni_validi (3);MOLISE
IT1804A;Pochi_anni_validi (5);MOLISE
IT1863A;Pochi_anni_validi (4);MOLISE
IT1798A;Pochi_anni_validi (6);MOLISE
IT1800A;2020 non completo;MOLISE
IT1801A;2020 non completo;MOLISE
IT1806A;Pochi_anni_validi (5);MOLISE
IT1962A;2020 non completo;MOLISE
IT0898A;Pochi_anni_validi (6);CAMPANIA
IT0934A;Pochi_anni_validi (6);CAMPANIA
IT0936A;Pochi_anni_validi (5);CAMPANIA
IT1486A;Pochi_anni_validi (5);CAMPANIA
IT1487A;Pochi_anni_validi (2);CAMPANIA
IT1488A;Pochi_anni_validi (5);CAMPANIA
IT1491A;Pochi_anni_validi (5);CAMPANIA
IT1493A;Pochi_anni_validi (3);CAMPANIA
IT1504A;Pochi_anni_validi (6);CAMPANIA
IT2210A;Pochi_anni_validi (4);CAMPANIA
IT2211A;Pochi_anni_validi (3);CAMPANIA
IT2212A;Pochi_anni_validi (3);CAMPANIA
IT2213A;Pochi_anni_validi (4);CAMPANIA
IT2214A;Pochi_anni_validi (3);CAMPANIA
IT2215A;Pochi_anni_validi (2);CAMPANIA
IT2216A;Pochi_anni_validi (2);CAMPANIA
IT2217A;Pochi_anni_validi (2);CAMPANIA
IT2218A;Pochi_anni_validi (3);CAMPANIA
IT2219A;Pochi_anni_validi (3);CAMPANIA
IT2226A;Pochi_anni_validi (2);CAMPANIA
IT2227A;Pochi_anni_validi (2);CAMPANIA
IT2228A;Pochi_anni_validi (3);CAMPANIA
IT2268A;Pochi_anni_validi (3);CAMPANIA
IT2269A;Pochi_anni_validi (2);CAMPANIA
IT2270A;Pochi_anni_validi (3);CAMPANIA
IT2271A;Pochi_anni_validi (3);CAMPANIA
IT2272A;Pochi_anni_validi (1);CAMPANIA
IT2273A;Pochi_anni_validi (3);CAMPANIA
IT2276A;Pochi_anni_validi (3);CAMPANIA
IT2277A;Pochi_anni_validi (1);CAMPANIA
IT2283A;Pochi_anni_validi (1);CAMPANIA
IT1492A;Pochi_anni_validi (2);CAMPANIA
IT0897A;Pochi_anni_validi (2);CAMPANIA
IT0937A;Pochi_anni_validi (2);CAMPANIA
IT2222A;Pochi_anni_validi (2);CAMPANIA
IT2224A;Pochi_anni_validi (3);CAMPANIA
IT2225A;Pochi_anni_validi (3);CAMPANIA
IT2221A;Pochi_anni_validi (2);CAMPANIA
IT2220A;Pochi_anni_validi (3);CAMPANIA
IT2223A;Pochi_anni_validi (3);CAMPANIA
IT0938A;Pochi_anni_validi (2);CAMPANIA
IT1485A;Nessun_Anno_Valida_2013_2019;CAMPANIA
IT0935A;Nessun_Anno_Valida_2013_2019;CAMPANIA
IT1741A;Pochi_anni_validi (6);BASILICATA
IT1897A;Pochi_anni_validi (6);BASILICATA
IT1895A;Pochi_anni_validi (5);BASILICATA
IT1674A;2020 non disponibile;BASILICATA
IT2202A;2020 non disponibile;BASILICATA
IT2203A;2020 non disponibile;BASILICATA
IT2204A;2020 non disponibile;BASILICATA
IT1740A;2020 non disponibile;BASILICATA
IT1744A;Pochi_anni_validi (4);BASILICATA
IT2290A;NessunaStagioneValida;BASILICATA
IT2291A;NessunaStagioneValida;BASILICATA
IT2059A;Pochi_anni_validi (5);SARDEGNA
IT1375A;Pochi_anni_validi (6);SARDEGNA
IT1947A;Pochi_anni_validi (6);SARDEGNA
IT1383A;Pochi_anni_validi (6);SARDEGNA
IT2060A;Pochi_anni_validi (6);SARDEGNA
IT1428A;2020 non disponibile;SARDEGNA
IT1307A;Pochi_anni_validi (5);SARDEGNA
IT1377A;2020 non disponibile;SARDEGNA
IT1994A;2020 non disponibile;SARDEGNA
IT1992A;2020 non disponibile;SARDEGNA
IT2006A;2020 non disponibile;SARDEGNA
IT1350A;Pochi_anni_validi (5);SARDEGNA
IT2055A;Pochi_anni_validi (4);SARDEGNA
IT1427A;2020 non disponibile;SARDEGNA
IT1278A;2020 non disponibile;SARDEGNA
IT1396A;Pochi_anni_validi (5);SARDEGNA
IT1270A;Pochi_anni_validi (4);SARDEGNA
IT1220A;Pochi_anni_validi (5);SARDEGNA
IT1378A;2020 non disponibile;SARDEGNA
IT1998A;2020 non disponibile;SARDEGNA
IT1766A;Pochi_anni_validi (6);CALABRIA
IT1938A;2020 non disponibile;CALABRIA
IT2186A;NessunaStagioneValida;CALABRIA
IT2189A;NessunaStagioneValida;CALABRIA
IT2026A;Pochi_anni_validi (6);CALABRIA
IT2193A;NessunaStagioneValida;CALABRIA
IT2031A;2020 non disponibile;CALABRIA
IT2194A;Pochi_anni_validi (2);CALABRIA
IT2195A;Pochi_anni_validi (1);CALABRIA
IT2086A;2020 non disponibile;CALABRIA
IT2091A;2020 non disponibile;CALABRIA
IT1940A;2020 non disponibile;CALABRIA
IT2092A;2020 non disponibile;CALABRIA
IT2093A;2020 non disponibile;CALABRIA
IT2090A;Pochi_anni_validi (3);CALABRIA
IT2087A;2020 non disponibile;CALABRIA
IT1989A;2020 non disponibile;CALABRIA
IT2094A;2020 non disponibile;CALABRIA
IT2088A;2020 non disponibile;CALABRIA
IT2078A;2020 non disponibile;CALABRIA
IT2089A;Pochi_anni_validi (4);CALABRIA
IT2028A;2020 non disponibile;CALABRIA
IT2110A;2020 non disponibile;CALABRIA
IT2111A;2020 non disponibile;CALABRIA
IT2188A;NessunaStagioneValida;CALABRIA
IT2187A;NessunaStagioneValida;CALABRIA
IT2112A;Pochi_anni_validi (2);CALABRIA
IT2185A;NessunaStagioneValida;CALABRIA
IT2191A;NessunaStagioneValida;CALABRIA
IT2190A;NessunaStagioneValida;CALABRIA
IT2192A;NessunaStagioneValida;CALABRIA
